question_id,n_covering_configs,configs_covering,n_correct_inflated,n_correct_deinflated,union_inflated,union_deinflated,floor_inflated,floor_deinflated,ceiling_deinflated,partial_deinflated,n_text_configs,plurality_tie,plurality_correct
rec06pnAkLOr2t2mp,15,baseline_3.7max;chem_flagship_gate;chem_thinking_gate;combined;control;five;flagship_panel;qwen38_judge;rag_presolve;self_consistency_5x;shipped_engine;subject;thinking;thinking_all;thinking_gate,15,15,True,True,False,False,True,False,15,False,True
rec0Arme2jcXQZnAW,9,baseline_3.7max;chem_thinking_gate;combined;control;flagship_panel;subject;thinking;thinking_all;thinking_gate,8,8,True,True,False,False,False,True,9,False,True
rec0VuKUjt1SZ7NYv,6,baseline_3.7max;chem_flagship_gate;chem_thinking_gate;qwen3.8_solo;smart_gate;thinking_gate,6,6,True,True,False,False,True,False,5,False,True
rec0wZvZgiz320KRs,22,baseline_3.7max;chem_flagship_gate;chem_thinking_gate;combined;control;five;flagship_panel;moo:flagship_panel;moo:rag_presolve;moo:rag_thinking_gate;moo:single-call;moo:standard-tribunal;moo:stem-max;moo:thinking_gate;qwen38_judge;rag_presolve;self_consistency_5x;shipped_engine;subject;thinking;thinking_all;thinking_gate,21,21,True,True,False,False,False,True,22,False,True
rec0yTRmO1o1xCA6H,22,baseline_3.7max;chem_flagship_gate;chem_thinking_gate;combined;control;five;flagship_panel;moo:flagship_panel;moo:rag_presolve;moo:rag_thinking_gate;moo:single-call;moo:standard-tribunal;moo:stem-max;moo:thinking_gate;qwen38_judge;rag_presolve;self_consistency_5x;shipped_engine;subject;thinking;thinking_all;thinking_gate,13,12,True,True,False,False,False,True,22,False,True
rec1oj2DveQWl9Rpw,6,baseline_3.7max;chem_flagship_gate;chem_thinking_gate;qwen3.8_solo;smart_gate;thinking_gate,3,3,True,True,False,False,False,True,5,False,False
rec1zl5LvaatzGhFt,11,baseline_3.7max;chem_flagship_gate;combined;control;flagship_panel;qwen3.8_solo;smart_gate;subject;thinking;thinking_all;thinking_gate,11,11,True,True,False,False,True,False,10,False,True
rec260hNUCEj109Dj,20,baseline_3.7max;chem_flagship_gate;chem_thinking_gate;combined;five;flagship_panel;moo:flagship_panel;moo:rag_presolve;moo:rag_thinking_gate;moo:single-call;moo:standard-tribunal;moo:stem-max;moo:thinking_gate;qwen38_judge;rag_presolve;self_consistency_5x;shipped_engine;thinking;thinking_all;thinking_gate,20,20,True,True,False,False,True,False,20,False,True
rec2UlKqC6RFHdcro,11,baseline_3.7max;chem_thinking_gate;combined;control;flagship_panel;qwen3.8_solo;smart_gate;subject;thinking;thinking_all;thinking_gate,11,11,True,True,False,False,True,False,10,False,True
rec2ZTsqazBZ3LTWZ,9,baseline_3.7max;chem_flagship_gate;combined;control;flagship_panel;subject;thinking;thinking_all;thinking_gate,9,9,True,True,False,False,True,False,9,False,True
rec32C1ZEapBnCC0E,12,baseline_3.7max;chem_flagship_gate;chem_thinking_gate;combined;control;flagship_panel;qwen3.8_solo;smart_gate;subject;thinking;thinking_all;thinking_gate,12,12,True,True,False,False,True,False,11,False,True
rec47oNPXudlTIk4y,10,baseline_3.7max;chem_flagship_gate;chem_thinking_gate;combined;control;flagship_panel;subject;thinking;thinking_all;thinking_gate,8,8,True,True,False,False,False,True,10,False,True
rec4JrWy7Il8ho5vk,3,baseline_3.7max;chem_flagship_gate;chem_thinking_gate,3,3,True,True,False,False,True,False,3,False,True
rec4L69T0Y1AS4AFS,16,baseline_3.7max;chem_thinking_gate;combined;control;five;flagship_panel;qwen3.8_solo;qwen38_judge;rag_presolve;self_consistency_5x;shipped_engine;smart_gate;subject;thinking;thinking_all;thinking_gate,16,14,True,True,False,False,False,True,15,False,True
rec4r4KWNLrT7g2kR,20,baseline_3.7max;chem_flagship_gate;combined;five;flagship_panel;moo:flagship_panel;moo:rag_presolve;moo:rag_thinking_gate;moo:single-call;moo:standard-tribunal;moo:stem-max;moo:thinking_gate;qwen38_judge;rag_presolve;self_consistency_5x;shipped_engine;smart_gate;thinking;thinking_all;thinking_gate,19,19,True,True,False,False,False,True,20,False,True
rec527dNeEtWJrYNl,22,baseline_3.7max;chem_flagship_gate;chem_thinking_gate;combined;control;five;flagship_panel;moo:flagship_panel;moo:rag_presolve;moo:rag_thinking_gate;moo:single-call;moo:standard-tribunal;moo:stem-max;moo:thinking_gate;qwen38_judge;rag_presolve;self_consistency_5x;shipped_engine;subject;thinking;thinking_all;thinking_gate,22,22,True,True,False,False,True,False,22,False,True
rec5eA17Qr1ucNLUf,15,baseline_3.7max;chem_flagship_gate;chem_thinking_gate;combined;five;flagship_panel;qwen3.8_solo;qwen38_judge;rag_presolve;self_consistency_5x;shipped_engine;smart_gate;thinking;thinking_all;thinking_gate,15,15,True,True,False,False,True,False,14,False,True
rec5rjeLsEq5Fg7Oj,19,baseline_3.7max;combined;five;flagship_panel;moo:flagship_panel;moo:rag_presolve;moo:rag_thinking_gate;moo:single-call;moo:standard-tribunal;moo:stem-max;moo:thinking_gate;qwen38_judge;rag_presolve;self_consistency_5x;shipped_engine;smart_gate;thinking;thinking_all;thinking_gate,15,14,True,True,False,False,False,True,19,False,True
rec6sE2CRtD4drtHg,22,baseline_3.7max;chem_flagship_gate;chem_thinking_gate;combined;five;flagship_panel;moo:flagship_panel;moo:rag_presolve;moo:rag_thinking_gate;moo:single-call;moo:standard-tribunal;moo:stem-max;moo:thinking_gate;qwen3.8_solo;qwen38_judge;rag_presolve;self_consistency_5x;shipped_engine;smart_gate;thinking;thinking_all;thinking_gate,22,22,True,True,False,False,True,False,21,False,True
rec7C06XOB2h298ue,14,baseline_3.7max;chem_thinking_gate;combined;five;flagship_panel;qwen3.8_solo;qwen38_judge;rag_presolve;self_consistency_5x;shipped_engine;smart_gate;thinking;thinking_all;thinking_gate,14,14,True,True,False,False,True,False,13,False,True
rec7qmSnbud4FHSqL,3,baseline_3.7max;chem_flagship_gate;chem_thinking_gate,0,0,False,False,True,True,False,False,3,False,False
rec8nshandHARTkrg,13,baseline_3.7max;chem_flagship_gate;chem_thinking_gate;combined;five;flagship_panel;qwen38_judge;rag_presolve;self_consistency_5x;shipped_engine;thinking;thinking_all;thinking_gate,10,10,True,True,False,False,False,True,13,False,True
rec8y3ZrBOcLgNEkE,12,baseline_3.7max;chem_thinking_gate;combined;five;flagship_panel;qwen38_judge;rag_presolve;self_consistency_5x;shipped_engine;thinking;thinking_all;thinking_gate,12,12,True,True,False,False,True,False,12,False,True
rec9GugrngvsQR99A,6,baseline_3.7max;chem_flagship_gate;chem_thinking_gate;qwen3.8_solo;smart_gate;thinking_gate,6,6,True,True,False,False,True,False,5,False,True
rec9W28HgpEUeUN8k,3,baseline_3.7max;chem_flagship_gate;chem_thinking_gate,3,3,True,True,False,False,True,False,3,False,True
recAAJoHMW45Lv5je,3,baseline_3.7max;chem_flagship_gate;chem_thinking_gate,3,3,True,True,False,False,True,False,3,False,True
recAYkd96NNuNl1Ei,12,baseline_3.7max;chem_flagship_gate;chem_thinking_gate;combined;control;flagship_panel;qwen3.8_solo;smart_gate;subject;thinking;thinking_all;thinking_gate,0,0,False,False,True,True,False,False,11,False,False
recBGxVySx1pkrO1i,3,baseline_3.7max;chem_flagship_gate;chem_thinking_gate,3,3,True,True,False,False,True,False,3,False,True
recBXlqrZUCR897It,12,baseline_3.7max;chem_flagship_gate;chem_thinking_gate;combined;control;flagship_panel;qwen3.8_solo;smart_gate;subject;thinking;thinking_all;thinking_gate,12,12,True,True,False,False,True,False,11,False,True
recBhnXrUyTJ6WHIR,15,baseline_3.7max;chem_flagship_gate;chem_thinking_gate;combined;five;flagship_panel;qwen3.8_solo;qwen38_judge;rag_presolve;self_consistency_5x;shipped_engine;smart_gate;thinking;thinking_all;thinking_gate,8,6,True,True,False,False,False,True,14,False,False
recBtVK8rBVtIlXDq,3,baseline_3.7max;chem_flagship_gate;chem_thinking_gate,3,3,True,True,False,False,True,False,3,False,True
recCJJOeBGERaHYax,10,baseline_3.7max;chem_flagship_gate;chem_thinking_gate;combined;control;flagship_panel;subject;thinking;thinking_all;thinking_gate,9,9,True,True,False,False,False,True,10,False,True
recD8oX1KevFbl7bL,12,baseline_3.7max;chem_flagship_gate;chem_thinking_gate;combined;control;flagship_panel;qwen3.8_solo;smart_gate;subject;thinking;thinking_all;thinking_gate,12,12,True,True,False,False,True,False,11,False,True
recDDxpS9s8cwkqfq,12,baseline_3.7max;chem_flagship_gate;chem_thinking_gate;combined;control;flagship_panel;self_consistency_5x;shipped_engine;subject;thinking;thinking_all;thinking_gate,10,10,True,True,False,False,False,True,12,False,True
recDj2Y2BbtV02Wv5,20,baseline_3.7max;chem_thinking_gate;combined;five;flagship_panel;moo:flagship_panel;moo:rag_presolve;moo:rag_thinking_gate;moo:single-call;moo:standard-tribunal;moo:stem-max;moo:thinking_gate;qwen38_judge;rag_presolve;self_consistency_5x;shipped_engine;smart_gate;thinking;thinking_all;thinking_gate,1,1,True,True,False,False,False,True,20,False,False
recDytVnNYZe2HuUU,4,baseline_3.7max;qwen3.8_solo;smart_gate;thinking_gate,4,4,True,True,False,False,True,False,3,False,True
recE2ihVfqEK4R9d0,20,baseline_3.7max;chem_flagship_gate;chem_thinking_gate;combined;five;flagship_panel;moo:flagship_panel;moo:rag_presolve;moo:rag_thinking_gate;moo:single-call;moo:standard-tribunal;moo:stem-max;moo:thinking_gate;qwen38_judge;rag_presolve;self_consistency_5x;shipped_engine;thinking;thinking_all;thinking_gate,20,20,True,True,False,False,True,False,20,False,True
recEmTBhx2hgw6tPQ,14,baseline_3.7max;chem_thinking_gate;combined;control;five;flagship_panel;qwen38_judge;rag_presolve;self_consistency_5x;shipped_engine;subject;thinking;thinking_all;thinking_gate,7,5,True,True,False,False,False,True,14,False,False
recFaL6j8UMhutXrc,16,baseline_3.7max;chem_flagship_gate;chem_thinking_gate;combined;control;five;flagship_panel;qwen3.8_solo;rag_presolve;self_consistency_5x;shipped_engine;smart_gate;subject;thinking;thinking_all;thinking_gate,16,15,True,True,False,False,False,True,15,False,True
recG1ljJQcVy6CbSl,3,baseline_3.7max;chem_flagship_gate;chem_thinking_gate,3,3,True,True,False,False,True,False,3,False,True
recGFKDUd8qgz81Zl,12,baseline_3.7max;chem_flagship_gate;chem_thinking_gate;combined;control;flagship_panel;qwen3.8_solo;smart_gate;subject;thinking;thinking_all;thinking_gate,12,12,True,True,False,False,True,False,11,False,True
recGFNRVl1qBZGwyU,20,baseline_3.7max;chem_flagship_gate;chem_thinking_gate;combined;five;flagship_panel;moo:flagship_panel;moo:rag_presolve;moo:rag_thinking_gate;moo:single-call;moo:standard-tribunal;moo:stem-max;moo:thinking_gate;qwen38_judge;rag_presolve;self_consistency_5x;shipped_engine;thinking;thinking_all;thinking_gate,19,19,True,True,False,False,False,True,20,False,True
recGee5m84dg5FZkc,11,baseline_3.7max;chem_thinking_gate;combined;five;flagship_panel;rag_presolve;self_consistency_5x;shipped_engine;thinking;thinking_all;thinking_gate,8,8,True,True,False,False,False,True,11,False,True
recHVUd2DkoKfedJZ,23,baseline_3.7max;chem_flagship_gate;chem_thinking_gate;combined;control;five;flagship_panel;moo:flagship_panel;moo:rag_presolve;moo:rag_thinking_gate;moo:single-call;moo:standard-tribunal;moo:stem-max;moo:thinking_gate;qwen3.8_solo;rag_presolve;self_consistency_5x;shipped_engine;smart_gate;subject;thinking;thinking_all;thinking_gate,21,21,True,True,False,False,False,True,22,False,True
recI1ls9OXdxatHQn,14,baseline_3.7max;chem_flagship_gate;combined;five;flagship_panel;qwen3.8_solo;qwen38_judge;rag_presolve;self_consistency_5x;shipped_engine;smart_gate;thinking;thinking_all;thinking_gate,13,13,True,True,False,False,False,True,13,False,True
recIDiDKKrN61Auyr,12,baseline_3.7max;chem_flagship_gate;chem_thinking_gate;combined;control;flagship_panel;qwen3.8_solo;smart_gate;subject;thinking;thinking_all;thinking_gate,12,12,True,True,False,False,True,False,11,False,True
recIMcQfaQNa6vzsT,10,baseline_3.7max;chem_flagship_gate;chem_thinking_gate;combined;control;flagship_panel;subject;thinking;thinking_all;thinking_gate,10,10,True,True,False,False,True,False,10,False,True
recINGR1z01Fh1Z3A,15,baseline_3.7max;chem_flagship_gate;chem_thinking_gate;combined;five;flagship_panel;qwen3.8_solo;qwen38_judge;rag_presolve;self_consistency_5x;shipped_engine;smart_gate;thinking;thinking_all;thinking_gate,15,15,True,True,False,False,True,False,14,False,True
recINSFEYLCyyd08m,23,baseline_3.7max;chem_flagship_gate;chem_thinking_gate;combined;control;five;flagship_panel;moo:flagship_panel;moo:rag_presolve;moo:rag_thinking_gate;moo:single-call;moo:standard-tribunal;moo:stem-max;moo:thinking_gate;qwen3.8_solo;rag_presolve;self_consistency_5x;shipped_engine;smart_gate;subject;thinking;thinking_all;thinking_gate,22,22,True,True,False,False,False,True,22,False,True
recIOlKBsOeEcgkA1,13,baseline_3.7max;chem_flagship_gate;chem_thinking_gate;combined;five;flagship_panel;qwen38_judge;rag_presolve;self_consistency_5x;shipped_engine;thinking;thinking_all;thinking_gate,13,13,True,True,False,False,True,False,13,False,True
recIj8lR4tuDgrHou,22,baseline_3.7max;chem_flagship_gate;chem_thinking_gate;combined;five;flagship_panel;moo:flagship_panel;moo:rag_presolve;moo:rag_thinking_gate;moo:single-call;moo:standard-tribunal;moo:stem-max;moo:thinking_gate;qwen3.8_solo;qwen38_judge;rag_presolve;self_consistency_5x;shipped_engine;smart_gate;thinking;thinking_all;thinking_gate,22,22,True,True,False,False,True,False,21,False,True
recIlghoOw5VbY4Zh,15,baseline_3.7max;chem_flagship_gate;chem_thinking_gate;combined;control;five;flagship_panel;qwen38_judge;rag_presolve;self_consistency_5x;shipped_engine;subject;thinking;thinking_all;thinking_gate,15,15,True,True,False,False,True,False,15,False,True
recJJcOHhFeSaRpl4,13,baseline_3.7max;chem_flagship_gate;chem_thinking_gate;combined;five;flagship_panel;qwen38_judge;rag_presolve;self_consistency_5x;shipped_engine;thinking;thinking_all;thinking_gate,13,13,True,True,False,False,True,False,13,False,True
recJZ3QEfRKjYw9a7,16,baseline_3.7max;chem_flagship_gate;chem_thinking_gate;combined;control;five;flagship_panel;qwen3.8_solo;rag_presolve;self_consistency_5x;shipped_engine;smart_gate;subject;thinking;thinking_all;thinking_gate,15,15,True,True,False,False,False,True,15,False,True
recJpyGtGIsxulevT,4,baseline_3.7max;qwen3.8_solo;smart_gate;thinking_gate,4,4,True,True,False,False,True,False,3,False,True
recK9F5aqdaybl8bb,3,baseline_3.7max;chem_flagship_gate;chem_thinking_gate,3,3,True,True,False,False,True,False,3,False,True
recKcjTwONILZqHAX,9,baseline_3.7max;chem_thinking_gate;combined;control;flagship_panel;subject;thinking;thinking_all;thinking_gate,9,9,True,True,False,False,True,False,9,False,True
recKm6LNWykGapmCr,12,baseline_3.7max;chem_flagship_gate;chem_thinking_gate;combined;control;flagship_panel;qwen3.8_solo;smart_gate;subject;thinking;thinking_all;thinking_gate,11,11,True,True,False,False,False,True,11,False,True
recKv4hFyNpViUXnL,9,baseline_3.7max;chem_flagship_gate;combined;control;flagship_panel;subject;thinking;thinking_all;thinking_gate,9,9,True,True,False,False,True,False,9,False,True
recL9MFV5zmdlle5T,13,baseline_3.7max;chem_flagship_gate;chem_thinking_gate;combined;five;flagship_panel;qwen38_judge;rag_presolve;self_consistency_5x;shipped_engine;thinking;thinking_all;thinking_gate,13,13,True,True,False,False,True,False,13,False,True
recLAgwx9vbgB5EHk,20,baseline_3.7max;combined;five;flagship_panel;moo:flagship_panel;moo:rag_presolve;moo:rag_thinking_gate;moo:single-call;moo:standard-tribunal;moo:stem-max;moo:thinking_gate;qwen3.8_solo;qwen38_judge;rag_presolve;self_consistency_5x;shipped_engine;smart_gate;thinking;thinking_all;thinking_gate,20,20,True,True,False,False,True,False,19,False,True
recLB0EkQ54bYVhnd,10,baseline_3.7max;chem_flagship_gate;chem_thinking_gate;combined;control;flagship_panel;subject;thinking;thinking_all;thinking_gate,9,9,True,True,False,False,False,True,10,False,True
recLSzwBUS3olCjhl,15,baseline_3.7max;chem_flagship_gate;chem_thinking_gate;combined;five;flagship_panel;qwen3.8_solo;qwen38_judge;rag_presolve;self_consistency_5x;shipped_engine;smart_gate;thinking;thinking_all;thinking_gate,15,15,True,True,False,False,True,False,14,False,True
recLrRirj7iXoB0rU,10,baseline_3.7max;combined;control;flagship_panel;qwen3.8_solo;smart_gate;subject;thinking;thinking_all;thinking_gate,10,10,True,True,False,False,True,False,9,False,True
recMicVBcqy1xM1jq,15,baseline_3.7max;chem_flagship_gate;chem_thinking_gate;combined;control;five;flagship_panel;qwen38_judge;rag_presolve;self_consistency_5x;shipped_engine;subject;thinking;thinking_all;thinking_gate,8,6,True,True,False,False,False,True,15,False,False
recN4DY9Q5V03glmQ,3,baseline_3.7max;self_consistency_5x;shipped_engine,2,2,True,True,False,False,False,True,3,False,True
recNAiPUKOulQbKVP,6,baseline_3.7max;chem_flagship_gate;chem_thinking_gate;qwen3.8_solo;smart_gate;thinking_gate,5,5,True,True,False,False,False,True,5,False,True
recNFJjE5PPTqVJGv,3,baseline_3.7max;chem_flagship_gate;chem_thinking_gate,3,3,True,True,False,False,True,False,3,False,True
recNu3MXkvWUzHZr9,10,baseline_3.7max;chem_flagship_gate;chem_thinking_gate;combined;control;flagship_panel;subject;thinking;thinking_all;thinking_gate,10,10,True,True,False,False,True,False,10,False,True
recNuT2oSnO86bxOx,14,baseline_3.7max;chem_flagship_gate;combined;five;flagship_panel;qwen3.8_solo;qwen38_judge;rag_presolve;self_consistency_5x;shipped_engine;smart_gate;thinking;thinking_all;thinking_gate,14,14,True,True,False,False,True,False,13,False,True
recO3hvCWRGiG0odN,13,baseline_3.7max;chem_flagship_gate;chem_thinking_gate;combined;five;flagship_panel;qwen38_judge;rag_presolve;self_consistency_5x;shipped_engine;thinking;thinking_all;thinking_gate,13,13,True,True,False,False,True,False,13,False,True
recOkA2zsy4GSMD9R,13,baseline_3.7max;chem_flagship_gate;chem_thinking_gate;combined;five;flagship_panel;qwen38_judge;rag_presolve;self_consistency_5x;shipped_engine;thinking;thinking_all;thinking_gate,8,8,True,True,False,False,False,True,13,False,True
recOvqPKUtyy9ISA1,21,baseline_3.7max;chem_flagship_gate;chem_thinking_gate;combined;control;five;flagship_panel;moo:flagship_panel;moo:rag_presolve;moo:rag_thinking_gate;moo:single-call;moo:standard-tribunal;moo:stem-max;moo:thinking_gate;rag_presolve;self_consistency_5x;shipped_engine;subject;thinking;thinking_all;thinking_gate,18,16,True,True,False,False,False,True,21,False,True
recPIzpnuYpB4yvmp,13,baseline_3.7max;chem_flagship_gate;chem_thinking_gate;combined;five;flagship_panel;qwen38_judge;rag_presolve;self_consistency_5x;shipped_engine;thinking;thinking_all;thinking_gate,13,12,True,True,False,False,False,True,13,False,True
recPL4ZPpVYxgMu57,15,baseline_3.7max;chem_flagship_gate;chem_thinking_gate;combined;five;flagship_panel;qwen3.8_solo;qwen38_judge;rag_presolve;self_consistency_5x;shipped_engine;smart_gate;thinking;thinking_all;thinking_gate,13,13,True,True,False,False,False,True,14,False,True
recPSTGXK3P39yNYT,17,baseline_3.7max;chem_flagship_gate;chem_thinking_gate;combined;control;five;flagship_panel;qwen3.8_solo;qwen38_judge;rag_presolve;self_consistency_5x;shipped_engine;smart_gate;subject;thinking;thinking_all;thinking_gate,17,17,True,True,False,False,True,False,16,False,True
recPzW1WqRnPs57D6,10,baseline_3.7max;chem_flagship_gate;chem_thinking_gate;combined;control;flagship_panel;subject;thinking;thinking_all;thinking_gate,10,10,True,True,False,False,True,False,10,False,True
recQ8oxSY2aCwFRS8,10,baseline_3.7max;chem_flagship_gate;chem_thinking_gate;combined;control;flagship_panel;subject;thinking;thinking_all;thinking_gate,10,10,True,True,False,False,True,False,10,False,True
recQiWOxhkXRz9NVE,20,baseline_3.7max;chem_thinking_gate;combined;control;five;flagship_panel;moo:flagship_panel;moo:rag_presolve;moo:rag_thinking_gate;moo:single-call;moo:standard-tribunal;moo:thinking_gate;qwen38_judge;rag_presolve;self_consistency_5x;shipped_engine;subject;thinking;thinking_all;thinking_gate,15,12,True,True,False,False,False,True,20,False,True
recRTiyaRymerDJ4y,11,baseline_3.7max;chem_thinking_gate;combined;control;flagship_panel;qwen3.8_solo;smart_gate;subject;thinking;thinking_all;thinking_gate,11,11,True,True,False,False,True,False,10,False,True
recRZjaElf8ft7xTq,17,baseline_3.7max;chem_flagship_gate;chem_thinking_gate;combined;control;five;flagship_panel;qwen3.8_solo;qwen38_judge;rag_presolve;self_consistency_5x;shipped_engine;smart_gate;subject;thinking;thinking_all;thinking_gate,16,16,True,True,False,False,False,True,16,False,True
recReg13iV2HwJTaA,12,baseline_3.7max;chem_flagship_gate;chem_thinking_gate;combined;control;flagship_panel;qwen3.8_solo;smart_gate;subject;thinking;thinking_all;thinking_gate,12,12,True,True,False,False,True,False,11,False,True
recRgabRzMaEoBRcM,5,baseline_3.7max;chem_flagship_gate;chem_thinking_gate;smart_gate;thinking_gate,3,3,True,True,False,False,False,True,5,False,True
recRhwQwHijW0gCLo,12,baseline_3.7max;chem_flagship_gate;chem_thinking_gate;combined;control;flagship_panel;qwen3.8_solo;smart_gate;subject;thinking;thinking_all;thinking_gate,12,12,True,True,False,False,True,False,11,False,True
recS48OsU6kVadBPW,12,baseline_3.7max;chem_flagship_gate;chem_thinking_gate;combined;control;flagship_panel;qwen3.8_solo;smart_gate;subject;thinking;thinking_all;thinking_gate,12,12,True,True,False,False,True,False,11,False,True
recSBcGLPatKb3Ygu,20,baseline_3.7max;chem_flagship_gate;chem_thinking_gate;combined;five;flagship_panel;moo:flagship_panel;moo:rag_presolve;moo:rag_thinking_gate;moo:single-call;moo:standard-tribunal;moo:stem-max;moo:thinking_gate;qwen38_judge;rag_presolve;self_consistency_5x;shipped_engine;thinking;thinking_all;thinking_gate,20,20,True,True,False,False,True,False,20,False,True
recUBgVlkKzcRPDdK,9,baseline_3.7max;chem_thinking_gate;combined;control;flagship_panel;subject;thinking;thinking_all;thinking_gate,2,1,True,True,False,False,False,True,9,False,False
recUOePh79cp4T2Bg,13,baseline_3.7max;chem_flagship_gate;combined;five;flagship_panel;qwen38_judge;rag_presolve;self_consistency_5x;shipped_engine;smart_gate;thinking;thinking_all;thinking_gate,0,0,False,False,True,True,False,False,13,False,False
recUc29lMDBEvurYo,9,baseline_3.7max;chem_flagship_gate;combined;control;flagship_panel;subject;thinking;thinking_all;thinking_gate,9,9,True,True,False,False,True,False,9,False,True
recV1nqYQvpII94oC,5,baseline_3.7max;chem_thinking_gate;qwen3.8_solo;smart_gate;thinking_gate,5,5,True,True,False,False,True,False,4,False,True
recVE8cUNHpHZIAvL,10,baseline_3.7max;chem_flagship_gate;chem_thinking_gate;combined;control;flagship_panel;subject;thinking;thinking_all;thinking_gate,10,10,True,True,False,False,True,False,10,False,True
recVEXvhYxAhELVqB,20,baseline_3.7max;chem_flagship_gate;chem_thinking_gate;combined;five;flagship_panel;moo:flagship_panel;moo:rag_presolve;moo:rag_thinking_gate;moo:single-call;moo:standard-tribunal;moo:stem-max;moo:thinking_gate;qwen38_judge;rag_presolve;self_consistency_5x;shipped_engine;thinking;thinking_all;thinking_gate,20,20,True,True,False,False,True,False,20,False,True
recVvpD8miVjmmyfe,22,baseline_3.7max;chem_flagship_gate;chem_thinking_gate;combined;control;five;flagship_panel;moo:rag_presolve;moo:rag_thinking_gate;moo:standard-tribunal;moo:stem-max;moo:thinking_gate;qwen3.8_solo;qwen38_judge;rag_presolve;self_consistency_5x;shipped_engine;smart_gate;subject;thinking;thinking_all;thinking_gate,15,13,True,True,False,False,False,True,21,False,True
recWPMm91mGDLXONm,18,baseline_3.7max;chem_flagship_gate;combined;five;flagship_panel;moo:flagship_panel;moo:rag_presolve;moo:rag_thinking_gate;moo:single-call;moo:standard-tribunal;moo:stem-max;moo:thinking_gate;rag_presolve;self_consistency_5x;shipped_engine;thinking;thinking_all;thinking_gate,18,18,True,True,False,False,True,False,18,False,True
recWxGU8Q4YReJ1tb,9,baseline_3.7max;chem_flagship_gate;combined;control;flagship_panel;subject;thinking;thinking_all;thinking_gate,5,4,True,True,False,False,False,True,9,True,False
recWzUUYBN0NuXO2k,4,baseline_3.7max;qwen3.8_solo;smart_gate;thinking_gate,4,4,True,True,False,False,True,False,3,False,True
recXsYa3i2UhGF5fe,9,baseline_3.7max;chem_thinking_gate;combined;control;flagship_panel;subject;thinking;thinking_all;thinking_gate,9,9,True,True,False,False,True,False,9,False,True
recXsuOHRBLcyenF2,16,baseline_3.7max;chem_thinking_gate;combined;control;five;flagship_panel;qwen3.8_solo;qwen38_judge;rag_presolve;self_consistency_5x;shipped_engine;smart_gate;subject;thinking;thinking_all;thinking_gate,16,16,True,True,False,False,True,False,15,False,True
recXvQ6gWAmyakrpD,23,baseline_3.7max;chem_flagship_gate;chem_thinking_gate;combined;control;five;flagship_panel;moo:flagship_panel;moo:rag_presolve;moo:rag_thinking_gate;moo:single-call;moo:standard-tribunal;moo:stem-max;moo:thinking_gate;qwen3.8_solo;qwen38_judge;self_consistency_5x;shipped_engine;smart_gate;subject;thinking;thinking_all;thinking_gate,22,22,True,True,False,False,False,True,22,False,True
recYCMJWH7IpcdqwE,11,baseline_3.7max;chem_thinking_gate;combined;control;flagship_panel;qwen3.8_solo;smart_gate;subject;thinking;thinking_all;thinking_gate,11,11,True,True,False,False,True,False,10,False,True
recYOzCsevNz61Lyn,9,baseline_3.7max;chem_flagship_gate;combined;control;flagship_panel;subject;thinking;thinking_all;thinking_gate,9,9,True,True,False,False,True,False,9,False,True
recYt8xx80OTyDsL0,9,baseline_3.7max;chem_flagship_gate;combined;control;flagship_panel;subject;thinking;thinking_all;thinking_gate,9,9,True,True,False,False,True,False,9,False,True
recZ13cwgDQf9jRd9,5,baseline_3.7max;chem_flagship_gate;chem_thinking_gate;smart_gate;thinking_gate,2,2,True,True,False,False,False,True,5,False,False
recZSGUkn56v9kEp1,6,baseline_3.7max;chem_flagship_gate;chem_thinking_gate;qwen3.8_solo;smart_gate;thinking_gate,5,5,True,True,False,False,False,True,5,False,True
recZWeueB7lSPR6wN,11,baseline_3.7max;chem_flagship_gate;chem_thinking_gate;combined;control;flagship_panel;smart_gate;subject;thinking;thinking_all;thinking_gate,6,6,True,True,False,False,False,True,11,False,True
recZbxrocrxh9YENH,12,baseline_3.7max;chem_flagship_gate;chem_thinking_gate;combined;control;flagship_panel;qwen3.8_solo;smart_gate;subject;thinking;thinking_all;thinking_gate,12,11,True,True,False,False,False,True,11,False,True
recZt4x514UQNnsgy,6,baseline_3.7max;chem_flagship_gate;chem_thinking_gate;qwen3.8_solo;smart_gate;thinking_gate,4,4,True,True,False,False,False,True,5,False,True
reca44yABeO2fx7UB,11,baseline_3.7max;chem_flagship_gate;chem_thinking_gate;combined;control;flagship_panel;smart_gate;subject;thinking;thinking_all;thinking_gate,7,6,True,True,False,False,False,True,11,False,True
recaXdGn3FAIkxLGM,13,baseline_3.7max;chem_flagship_gate;chem_thinking_gate;combined;five;flagship_panel;qwen38_judge;rag_presolve;self_consistency_5x;shipped_engine;thinking;thinking_all;thinking_gate,12,12,True,True,False,False,False,True,13,False,True
recafnH3RRnMBXEb1,3,baseline_3.7max;chem_flagship_gate;chem_thinking_gate,3,3,True,True,False,False,True,False,3,False,True
recakFKZioXUuldcd,3,baseline_3.7max;chem_flagship_gate;chem_thinking_gate,3,3,True,True,False,False,True,False,3,False,True
recatj4YXzbOaq3Ar,14,baseline_3.7max;chem_thinking_gate;combined;five;flagship_panel;qwen3.8_solo;qwen38_judge;rag_presolve;self_consistency_5x;shipped_engine;smart_gate;thinking;thinking_all;thinking_gate,14,14,True,True,False,False,True,False,13,False,True
recb2M22zaD3tL6Qc,12,baseline_3.7max;chem_flagship_gate;chem_thinking_gate;combined;control;flagship_panel;qwen3.8_solo;smart_gate;subject;thinking;thinking_all;thinking_gate,10,9,True,True,False,False,False,True,11,False,True
recb4cGsC6BJUCU3V,10,baseline_3.7max;chem_flagship_gate;chem_thinking_gate;combined;control;flagship_panel;subject;thinking;thinking_all;thinking_gate,9,9,True,True,False,False,False,True,10,False,True
recb80OwMgNnceA9t,22,baseline_3.7max;chem_flagship_gate;chem_thinking_gate;combined;control;five;flagship_panel;moo:flagship_panel;moo:rag_presolve;moo:rag_thinking_gate;moo:single-call;moo:standard-tribunal;moo:stem-max;moo:thinking_gate;rag_presolve;self_consistency_5x;shipped_engine;smart_gate;subject;thinking;thinking_all;thinking_gate,17,15,True,True,False,False,False,True,22,False,True
reccOKzFNmyqeJ6ry,15,baseline_3.7max;chem_flagship_gate;chem_thinking_gate;combined;control;five;flagship_panel;qwen38_judge;rag_presolve;self_consistency_5x;shipped_engine;subject;thinking;thinking_all;thinking_gate,15,15,True,True,False,False,True,False,15,False,True
reccVBrYdwsB84fGy,9,baseline_3.7max;chem_flagship_gate;combined;control;flagship_panel;subject;thinking;thinking_all;thinking_gate,7,7,True,True,False,False,False,True,9,False,True
reccVFW11Elovnf8T,12,baseline_3.7max;chem_flagship_gate;chem_thinking_gate;combined;five;flagship_panel;rag_presolve;self_consistency_5x;shipped_engine;thinking;thinking_all;thinking_gate,10,10,True,True,False,False,False,True,12,False,True
recclFbsjbaiVVnnV,16,baseline_3.7max;chem_flagship_gate;chem_thinking_gate;combined;control;five;flagship_panel;qwen3.8_solo;rag_presolve;self_consistency_5x;shipped_engine;smart_gate;subject;thinking;thinking_all;thinking_gate,8,5,True,True,False,False,False,True,15,False,False
recdya6FuYraBU5Rh,17,baseline_3.7max;chem_flagship_gate;chem_thinking_gate;combined;control;five;flagship_panel;qwen3.8_solo;qwen38_judge;rag_presolve;self_consistency_5x;shipped_engine;smart_gate;subject;thinking;thinking_all;thinking_gate,17,17,True,True,False,False,True,False,16,False,True
receYQxnUBvxPcvbQ,15,baseline_3.7max;chem_flagship_gate;chem_thinking_gate;combined;control;five;flagship_panel;qwen38_judge;rag_presolve;self_consistency_5x;shipped_engine;subject;thinking;thinking_all;thinking_gate,15,15,True,True,False,False,True,False,15,False,True
receo3UUzRvWCqyfA,14,baseline_3.7max;chem_thinking_gate;combined;control;five;flagship_panel;qwen38_judge;rag_presolve;self_consistency_5x;shipped_engine;subject;thinking;thinking_all;thinking_gate,14,14,True,True,False,False,True,False,14,False,True
recf6ayQmL1SxKbvW,14,baseline_3.7max;chem_thinking_gate;combined;control;five;flagship_panel;qwen38_judge;rag_presolve;self_consistency_5x;shipped_engine;subject;thinking;thinking_all;thinking_gate,0,0,False,False,True,True,False,False,14,False,False
recfTlTMjZBuOducT,14,baseline_3.7max;chem_flagship_gate;combined;control;five;flagship_panel;qwen38_judge;rag_presolve;self_consistency_5x;shipped_engine;subject;thinking;thinking_all;thinking_gate,14,14,True,True,False,False,True,False,14,False,True
recgM7o1tcc7tP778,6,baseline_3.7max;chem_flagship_gate;chem_thinking_gate;qwen3.8_solo;smart_gate;thinking_gate,6,5,True,True,False,False,False,True,5,False,True
rechKl68Uc6H7vU0N,22,baseline_3.7max;chem_flagship_gate;chem_thinking_gate;combined;control;five;flagship_panel;moo:flagship_panel;moo:rag_presolve;moo:rag_thinking_gate;moo:single-call;moo:standard-tribunal;moo:stem-max;moo:thinking_gate;qwen38_judge;rag_presolve;self_consistency_5x;shipped_engine;subject;thinking;thinking_all;thinking_gate,18,18,True,True,False,False,False,True,22,False,True
rechgQucGlrnt8KRV,13,baseline_3.7max;chem_flagship_gate;chem_thinking_gate;combined;five;flagship_panel;qwen38_judge;rag_presolve;self_consistency_5x;shipped_engine;thinking;thinking_all;thinking_gate,13,13,True,True,False,False,True,False,13,False,True
rechtUKxC6G67H7Pr,15,baseline_3.7max;chem_flagship_gate;chem_thinking_gate;combined;five;flagship_panel;qwen3.8_solo;qwen38_judge;rag_presolve;self_consistency_5x;shipped_engine;smart_gate;thinking;thinking_all;thinking_gate,15,15,True,True,False,False,True,False,14,False,True
recihePFulRgNKsIn,17,baseline_3.7max;chem_flagship_gate;chem_thinking_gate;combined;control;five;flagship_panel;qwen3.8_solo;qwen38_judge;rag_presolve;self_consistency_5x;shipped_engine;smart_gate;subject;thinking;thinking_all;thinking_gate,1,1,True,True,False,False,False,True,16,False,False
reciuppdQde4FGX1z,3,baseline_3.7max;chem_flagship_gate;chem_thinking_gate,3,3,True,True,False,False,True,False,3,False,True
recjJ54TXc04enRkZ,12,baseline_3.7max;combined;control;five;flagship_panel;rag_presolve;self_consistency_5x;shipped_engine;subject;thinking;thinking_all;thinking_gate,8,5,True,True,False,False,False,True,12,False,False
recjgMJaMxz4ESDF2,6,baseline_3.7max;chem_flagship_gate;chem_thinking_gate;qwen3.8_solo;smart_gate;thinking_gate,6,6,True,True,False,False,True,False,5,False,True
reck1zKeCssmN82Ga,6,baseline_3.7max;chem_flagship_gate;chem_thinking_gate;qwen3.8_solo;smart_gate;thinking_gate,6,6,True,True,False,False,True,False,5,False,True
reck4G4xxv3YnpbtQ,15,baseline_3.7max;chem_flagship_gate;chem_thinking_gate;combined;control;five;flagship_panel;rag_presolve;self_consistency_5x;shipped_engine;smart_gate;subject;thinking;thinking_all;thinking_gate,6,5,True,True,False,False,False,True,15,False,False
reckEnrOPFT9Ru7tW,13,baseline_3.7max;chem_flagship_gate;chem_thinking_gate;combined;five;flagship_panel;qwen38_judge;rag_presolve;self_consistency_5x;shipped_engine;thinking;thinking_all;thinking_gate,13,12,True,True,False,False,False,True,13,False,True
reckYqR92oJkqJXkE,5,baseline_3.7max;chem_flagship_gate;qwen3.8_solo;smart_gate;thinking_gate,5,5,True,True,False,False,True,False,4,False,True
reckl6PkaEMWM50yZ,12,baseline_3.7max;chem_flagship_gate;chem_thinking_gate;combined;five;flagship_panel;qwen38_judge;self_consistency_5x;shipped_engine;thinking;thinking_all;thinking_gate,7,7,True,True,False,False,False,True,12,False,True
recl1UtgTVKishAq4,11,baseline_3.7max;chem_flagship_gate;chem_thinking_gate;combined;control;flagship_panel;smart_gate;subject;thinking;thinking_all;thinking_gate,7,7,True,True,False,False,False,True,11,False,True
recmI7EiLv72PxmYK,22,baseline_3.7max;chem_flagship_gate;chem_thinking_gate;combined;control;five;flagship_panel;moo:flagship_panel;moo:rag_presolve;moo:rag_thinking_gate;moo:single-call;moo:standard-tribunal;moo:stem-max;moo:thinking_gate;qwen38_judge;rag_presolve;self_consistency_5x;shipped_engine;subject;thinking;thinking_all;thinking_gate,21,21,True,True,False,False,False,True,22,False,True
recmkvk6EFAmqyMxR,14,baseline_3.7max;chem_flagship_gate;combined;control;five;flagship_panel;qwen38_judge;rag_presolve;self_consistency_5x;shipped_engine;subject;thinking;thinking_all;thinking_gate,13,13,True,True,False,False,False,True,14,False,True
recmwwQJnx7ll7bqL,8,baseline_3.7max;combined;control;flagship_panel;subject;thinking;thinking_all;thinking_gate,8,8,True,True,False,False,True,False,8,False,True
recn3NhOhqAPLda16,14,baseline_3.7max;chem_flagship_gate;chem_thinking_gate;combined;five;flagship_panel;qwen3.8_solo;qwen38_judge;self_consistency_5x;shipped_engine;smart_gate;thinking;thinking_all;thinking_gate,13,13,True,True,False,False,False,True,13,False,True
recnGEpF1srQpaqWq,18,baseline_3.7max;chem_thinking_gate;combined;five;flagship_panel;moo:flagship_panel;moo:rag_presolve;moo:rag_thinking_gate;moo:single-call;moo:standard-tribunal;moo:stem-max;moo:thinking_gate;rag_presolve;self_consistency_5x;shipped_engine;thinking;thinking_all;thinking_gate,17,17,True,True,False,False,False,True,18,False,True
recnTTKdBzfuoZ7w7,19,baseline_3.7max;chem_thinking_gate;combined;five;flagship_panel;moo:rag_presolve;moo:single-call;moo:standard-tribunal;moo:stem-max;moo:thinking_gate;qwen3.8_solo;qwen38_judge;rag_presolve;self_consistency_5x;shipped_engine;smart_gate;thinking;thinking_all;thinking_gate,5,4,True,True,False,False,False,True,18,False,False
recnawZPumSCLMVgp,22,baseline_3.7max;chem_flagship_gate;chem_thinking_gate;combined;five;flagship_panel;moo:flagship_panel;moo:rag_presolve;moo:rag_thinking_gate;moo:single-call;moo:standard-tribunal;moo:stem-max;moo:thinking_gate;qwen3.8_solo;qwen38_judge;rag_presolve;self_consistency_5x;shipped_engine;smart_gate;thinking;thinking_all;thinking_gate,18,18,True,True,False,False,False,True,21,False,True
recnjViFrqlZNL3fY,6,baseline_3.7max;chem_flagship_gate;chem_thinking_gate;qwen3.8_solo;smart_gate;thinking_gate,6,6,True,True,False,False,True,False,5,False,True
reco8WSc71p8zAv4q,3,baseline_3.7max;chem_flagship_gate;chem_thinking_gate,2,1,True,True,False,False,False,True,3,True,True
recoiTJPGUmzAkief,14,baseline_3.7max;chem_flagship_gate;combined;control;five;flagship_panel;qwen38_judge;rag_presolve;self_consistency_5x;shipped_engine;subject;thinking;thinking_all;thinking_gate,14,14,True,True,False,False,True,False,14,False,True
recooG6bivTUJpDBz,15,baseline_3.7max;chem_flagship_gate;chem_thinking_gate;combined;control;five;flagship_panel;qwen38_judge;rag_presolve;self_consistency_5x;shipped_engine;subject;thinking;thinking_all;thinking_gate,9,7,True,True,False,False,False,True,15,False,False
recoy9ZLBsc7HIRBy,6,baseline_3.7max;chem_flagship_gate;chem_thinking_gate;qwen3.8_solo;smart_gate;thinking_gate,6,6,True,True,False,False,True,False,5,False,True
recpki12iG9RUGrz9,22,baseline_3.7max;chem_flagship_gate;chem_thinking_gate;combined;control;five;flagship_panel;moo:flagship_panel;moo:rag_presolve;moo:rag_thinking_gate;moo:single-call;moo:standard-tribunal;moo:stem-max;moo:thinking_gate;qwen38_judge;rag_presolve;self_consistency_5x;shipped_engine;subject;thinking;thinking_all;thinking_gate,22,22,True,True,False,False,True,False,22,False,True
recqFDvYKKRmbnoUb,10,baseline_3.7max;chem_flagship_gate;chem_thinking_gate;combined;control;flagship_panel;subject;thinking;thinking_all;thinking_gate,10,10,True,True,False,False,True,False,10,False,True
recqGD3fxPCI59vPQ,5,baseline_3.7max;chem_flagship_gate;chem_thinking_gate;qwen3.8_solo;thinking_gate,5,5,True,True,False,False,True,False,4,False,True
recqLRu4BcJvlSANc,3,baseline_3.7max;chem_flagship_gate;chem_thinking_gate,3,3,True,True,False,False,True,False,3,False,True
recr3VHM4zYf6dMFY,14,baseline_3.7max;chem_flagship_gate;chem_thinking_gate;combined;five;flagship_panel;qwen3.8_solo;rag_presolve;self_consistency_5x;shipped_engine;smart_gate;thinking;thinking_all;thinking_gate,14,14,True,True,False,False,True,False,13,False,True
recrHBEJJoDTV05JR,9,baseline_3.7max;chem_flagship_gate;chem_thinking_gate;control;flagship_panel;subject;thinking;thinking_all;thinking_gate,9,9,True,True,False,False,True,False,9,False,True
recrNbtgTNoabJJi6,15,baseline_3.7max;chem_flagship_gate;chem_thinking_gate;combined;five;flagship_panel;qwen3.8_solo;qwen38_judge;rag_presolve;self_consistency_5x;shipped_engine;smart_gate;thinking;thinking_all;thinking_gate,14,13,True,True,False,False,False,True,14,False,True
recrs0kUo7Ua1xhKO,3,baseline_3.7max;chem_flagship_gate;chem_thinking_gate,3,3,True,True,False,False,True,False,3,False,True
recs3PLPUEMiqg4P8,15,baseline_3.7max;chem_flagship_gate;chem_thinking_gate;combined;five;flagship_panel;qwen3.8_solo;qwen38_judge;rag_presolve;self_consistency_5x;shipped_engine;smart_gate;thinking;thinking_all;thinking_gate,12,12,True,True,False,False,False,True,14,False,True
rect4iLrSfUwkNTno,3,baseline_3.7max;chem_flagship_gate;chem_thinking_gate,3,3,True,True,False,False,True,False,3,False,True
rectXfsCM1dj4Kv2c,12,baseline_3.7max;chem_thinking_gate;combined;five;flagship_panel;qwen38_judge;rag_presolve;self_consistency_5x;shipped_engine;thinking;thinking_all;thinking_gate,12,12,True,True,False,False,True,False,12,False,True
rectlyG9pCAAuWhoB,11,baseline_3.7max;chem_flagship_gate;chem_thinking_gate;combined;control;flagship_panel;smart_gate;subject;thinking;thinking_all;thinking_gate,1,1,True,True,False,False,False,True,11,False,False
recuYEkVjdVUwA3c0,13,baseline_3.7max;chem_flagship_gate;chem_thinking_gate;combined;five;flagship_panel;qwen38_judge;rag_presolve;self_consistency_5x;shipped_engine;thinking;thinking_all;thinking_gate,12,12,True,True,False,False,False,True,13,False,True
recv7GsQg3f0fvB1f,12,baseline_3.7max;chem_flagship_gate;chem_thinking_gate;combined;five;flagship_panel;qwen38_judge;self_consistency_5x;shipped_engine;thinking;thinking_all;thinking_gate,12,12,True,True,False,False,True,False,12,False,True
recvZlMbpPz0yLDle,7,baseline_3.7max;chem_thinking_gate;qwen3.8_solo;self_consistency_5x;shipped_engine;smart_gate;thinking_gate,5,5,True,True,False,False,False,True,6,False,True
recvlnu8BuLmXZhSX,12,baseline_3.7max;chem_flagship_gate;chem_thinking_gate;combined;control;flagship_panel;qwen3.8_solo;smart_gate;subject;thinking;thinking_all;thinking_gate,12,12,True,True,False,False,True,False,11,False,True
recw4rROcnHKNZhtK,6,baseline_3.7max;chem_flagship_gate;chem_thinking_gate;qwen3.8_solo;smart_gate;thinking_gate,6,6,True,True,False,False,True,False,5,False,True
recwW1A85nfyQpReG,17,baseline_3.7max;chem_flagship_gate;chem_thinking_gate;combined;control;five;flagship_panel;qwen3.8_solo;qwen38_judge;rag_presolve;self_consistency_5x;shipped_engine;smart_gate;subject;thinking;thinking_all;thinking_gate,16,16,True,True,False,False,False,True,16,False,True
recwlwlcPvXVNPmvl,12,baseline_3.7max;chem_flagship_gate;combined;five;flagship_panel;qwen38_judge;rag_presolve;self_consistency_5x;shipped_engine;thinking;thinking_all;thinking_gate,12,12,True,True,False,False,True,False,12,False,True
recxTy0x7M6T9ikc0,10,baseline_3.7max;chem_flagship_gate;chem_thinking_gate;combined;control;flagship_panel;subject;thinking;thinking_all;thinking_gate,10,10,True,True,False,False,True,False,10,False,True
recxsX66ktJ1Lwt4f,12,baseline_3.7max;chem_flagship_gate;chem_thinking_gate;combined;control;flagship_panel;qwen3.8_solo;smart_gate;subject;thinking;thinking_all;thinking_gate,12,12,True,True,False,False,True,False,11,False,True
recyPffUDqC2k7ZZO,8,baseline_3.7max;chem_flagship_gate;chem_thinking_gate;qwen3.8_solo;self_consistency_5x;shipped_engine;smart_gate;thinking_gate,8,8,True,True,False,False,True,False,7,False,True
recyl3usDqb7ruXJx,12,baseline_3.7max;chem_flagship_gate;chem_thinking_gate;combined;control;flagship_panel;qwen3.8_solo;smart_gate;subject;thinking;thinking_all;thinking_gate,12,12,True,True,False,False,True,False,11,False,True
recypVp2NmPlBKVTp,22,baseline_3.7max;chem_flagship_gate;chem_thinking_gate;combined;five;flagship_panel;moo:flagship_panel;moo:rag_presolve;moo:rag_thinking_gate;moo:single-call;moo:standard-tribunal;moo:stem-max;moo:thinking_gate;qwen3.8_solo;qwen38_judge;rag_presolve;self_consistency_5x;shipped_engine;smart_gate;thinking;thinking_all;thinking_gate,22,22,True,True,False,False,True,False,21,False,True
recyrk6XBVwugG5u8,11,baseline_3.7max;chem_flagship_gate;chem_thinking_gate;combined;control;flagship_panel;qwen3.8_solo;smart_gate;thinking;thinking_all;thinking_gate,11,11,True,True,False,False,True,False,10,False,True
recz3MfYHPRhsEQkW,9,baseline_3.7max;chem_thinking_gate;combined;control;flagship_panel;subject;thinking;thinking_all;thinking_gate,9,9,True,True,False,False,True,False,9,False,True
reczUoM8JsxU6pYxr,16,baseline_3.7max;chem_flagship_gate;combined;control;five;flagship_panel;qwen3.8_solo;qwen38_judge;rag_presolve;self_consistency_5x;shipped_engine;smart_gate;subject;thinking;thinking_all;thinking_gate,16,16,True,True,False,False,True,False,15,False,True
reczjcMtrB1YGS2fO,22,baseline_3.7max;chem_flagship_gate;chem_thinking_gate;combined;five;flagship_panel;moo:flagship_panel;moo:rag_presolve;moo:rag_thinking_gate;moo:single-call;moo:standard-tribunal;moo:stem-max;moo:thinking_gate;qwen3.8_solo;qwen38_judge;rag_presolve;self_consistency_5x;shipped_engine;smart_gate;thinking;thinking_all;thinking_gate,21,20,True,True,False,False,False,True,21,False,True
reczkBiPPNrNN49Hp,15,baseline_3.7max;chem_flagship_gate;chem_thinking_gate;combined;control;five;flagship_panel;qwen38_judge;rag_presolve;self_consistency_5x;shipped_engine;subject;thinking;thinking_all;thinking_gate,15,15,True,True,False,False,True,False,15,False,True
reczzzihL7btBH7RO,15,baseline_3.7max;chem_flagship_gate;chem_thinking_gate;combined;five;flagship_panel;qwen3.8_solo;qwen38_judge;rag_presolve;self_consistency_5x;shipped_engine;smart_gate;thinking;thinking_all;thinking_gate,1,1,True,True,False,False,False,True,14,False,False
